{"cameraMode":{"drawMode":0,"name":"Shaded","section":"Shading Mode"},"sceneLighting":false,"audioPlay":false,"sceneViewState":{"m_AlwaysRefresh":false,"showFog":true,"showSkybox":false,"showFlares":true,"showImageEffects":true,"showParticleSystems":true,"showVisualEffectGraphs":true,"m_FxEnabled":true},"in2DMode":false,"pivot":{"x":0.06319443881511688,"y":0.1300329566001892,"z":1.8160440921783448},"rotation":{"x":0.21903638541698457,"y":0.09932426363229752,"z":-0.02241952158510685,"w":0.970387876033783},"size":0.3370283842086792,"orthographic":true}