{"cameraMode":{"drawMode":0,"name":"Shaded","section":"Shading Mode"},"sceneLighting":true,"audioPlay":false,"sceneViewState":{"m_AlwaysRefresh":false,"showFog":true,"showSkybox":true,"showFlares":true,"showImageEffects":true,"showParticleSystems":true,"showVisualEffectGraphs":true,"m_FxEnabled":true},"in2DMode":false,"pivot":{"x":-4.449044227600098,"y":3.651702404022217,"z":1.0940525531768799},"rotation":{"x":0.07768309116363526,"y":-0.0776825100183487,"z":0.006071372423321009,"w":0.9939178824424744},"size":416.0805969238281,"orthographic":true}